t_s,rss_gb,cuda_alloc_gb,cuda_reserved_gb
0.0,0.635,0.0,0.0
0.55,0.791,0.0,0.0
1.17,1.031,0.084,0.094
1.69,1.386,0.084,0.094
2.19,1.404,0.263,0.663
2.7,1.227,0.444,0.83
3.21,1.229,0.444,0.83
3.72,1.23,0.444,0.83
4.22,1.255,0.444,0.83
4.73,1.361,0.444,0.83
5.23,1.362,0.444,0.83
5.74,1.548,0.519,0.543
6.25,1.987,0.534,0.573
6.75,2.078,2.091,2.164
7.26,2.139,0.473,2.127
7.76,2.203,0.557,0.677
8.27,2.181,0.473,2.127
8.78,2.213,0.542,1.13
9.29,2.216,0.537,1.13
9.8,2.215,0.444,0.451
10.3,2.232,0.808,2.127
10.81,2.245,0.469,0.526
11.32,2.71,0.458,0.679
11.83,3.037,0.453,0.503
12.34,3.032,0.466,0.503
12.85,3.112,0.467,2.158
13.36,3.067,0.453,0.503
13.86,3.014,0.542,1.158
14.37,3.025,0.54,1.158
14.88,3.11,0.467,2.158
15.38,3.0,0.453,2.158
15.89,3.049,0.453,0.503
16.4,3.042,0.843,1.007
16.91,3.188,0.467,2.158
17.41,3.129,0.453,2.158
17.92,3.054,0.453,0.503
18.43,3.012,0.453,0.503
18.94,3.103,0.453,2.158
19.45,3.23,0.467,2.158
19.96,3.074,0.453,0.503
20.51,3.168,0.467,2.158
21.01,3.182,0.453,2.158
21.53,3.1,0.453,0.503
22.04,3.148,0.453,2.158
22.54,3.121,0.453,2.154
23.05,3.188,0.453,2.158
23.55,3.056,0.453,0.503
24.06,3.15,0.453,2.158
24.57,3.136,0.453,0.503
25.08,3.078,0.453,2.158
25.58,3.159,0.467,2.158
26.09,3.073,0.453,2.154
26.61,3.142,0.453,2.158
27.12,3.142,0.467,2.158
27.63,3.055,0.453,0.503
28.14,3.033,0.453,2.158
28.65,3.0,0.482,2.154
29.17,3.012,0.453,2.154
29.67,3.095,0.453,2.16
30.18,3.135,0.467,2.158
30.69,3.142,0.453,2.158
31.2,3.151,0.467,2.158
31.71,3.047,0.453,2.154
32.22,3.207,0.453,2.158
32.73,3.138,0.467,2.158
33.24,3.051,0.453,0.503
33.75,3.051,0.544,1.158
34.27,3.135,0.467,2.158
34.77,3.192,0.453,2.158
35.28,3.252,0.453,2.158
35.81,3.219,0.467,2.158
36.32,3.105,0.453,2.154
36.83,3.201,0.473,2.158
37.34,3.135,0.453,2.154
37.85,3.18,0.462,2.158
38.36,3.135,0.566,1.158
38.88,3.181,0.467,2.158
39.39,3.085,0.453,0.503
39.9,3.217,0.453,2.158
40.41,3.159,0.453,2.158
40.92,3.274,0.453,2.158
41.43,3.2,0.467,2.158
41.93,3.112,0.453,0.503
42.45,3.133,0.54,1.158
42.97,3.179,0.467,2.158
43.47,3.083,0.453,0.503
43.98,3.192,0.467,2.158
44.49,3.225,0.453,2.158
44.99,3.133,0.453,0.503
45.51,3.249,0.453,2.158
46.02,3.242,0.467,2.158
46.53,3.164,0.467,2.154
47.04,3.116,0.453,2.154
47.55,3.191,0.453,2.158
48.06,3.179,0.467,2.158
48.56,3.133,0.453,0.503
49.07,3.133,0.453,0.503
49.58,3.176,0.752,2.158
50.09,3.26,0.575,2.158
50.6,3.2,0.467,2.158
51.1,3.116,0.453,0.503
51.61,3.192,0.467,2.158
52.12,3.107,0.453,2.16
52.63,3.256,0.453,2.158
53.14,3.191,0.467,2.154
53.64,3.116,0.453,0.503
54.16,3.2,0.467,2.158
54.66,3.107,0.453,2.158
55.17,3.112,0.453,0.503
55.68,3.121,0.453,2.154
56.19,3.191,0.459,2.158
56.7,3.108,0.453,0.503
57.21,3.178,0.453,2.158
57.72,3.217,0.467,2.158
58.23,3.112,0.482,2.154
58.73,3.2,0.467,2.158
59.25,3.098,0.453,2.158
59.76,3.233,0.453,2.158
60.28,3.112,0.542,1.158
60.8,3.192,0.467,2.158
61.31,3.107,0.453,2.158
61.82,3.276,0.454,2.158
62.34,3.117,0.453,0.503
62.84,3.117,0.482,2.154
63.35,3.214,0.453,2.158
63.86,3.108,0.453,0.503
64.37,3.249,0.468,2.158
64.88,3.124,0.453,2.154
65.39,3.191,0.461,2.158
65.9,3.107,0.453,2.158
66.41,3.191,0.527,2.158
66.92,3.2,0.467,2.158
67.43,3.199,0.453,2.158
67.94,3.192,0.467,2.158
68.46,3.122,0.453,2.158
68.97,3.276,0.453,2.158
69.48,3.226,0.467,2.158
69.99,3.112,0.453,0.503
70.5,3.112,0.482,2.154
71.0,3.179,0.467,2.158
71.51,3.191,0.573,2.158
72.02,3.112,0.453,0.503
72.53,3.117,0.482,2.154
73.05,3.262,0.464,2.158
73.56,3.107,0.453,2.158
74.07,3.226,0.453,2.158
74.59,3.133,0.453,2.154
75.1,3.109,0.564,1.158
75.63,3.2,0.467,2.158
76.14,3.107,0.453,2.158
76.65,3.199,0.453,2.158
77.15,3.192,0.467,2.158
77.66,3.117,0.453,0.503
78.17,3.236,0.453,2.158
78.68,3.108,0.482,2.154
79.19,3.095,0.453,2.158
79.7,3.246,0.453,2.158
80.22,3.155,0.453,2.154
80.72,3.199,0.453,2.158
81.23,3.2,0.467,2.158
81.74,3.107,0.453,2.158
82.25,3.244,0.453,2.158
82.77,3.142,0.453,2.154
83.28,3.199,0.453,0.503
83.79,3.192,0.453,2.158
84.3,3.187,0.639,2.158
84.82,3.107,0.453,2.158
85.33,3.259,0.453,2.158
85.83,3.112,0.453,0.503
86.34,3.186,0.453,2.158
86.85,3.104,0.453,0.503
87.35,3.108,0.482,2.154
87.87,3.095,0.453,2.158
88.37,3.242,0.453,2.158
88.88,3.162,0.453,2.154
89.39,3.112,0.482,2.154
89.9,3.192,0.453,2.158
90.41,3.112,0.453,2.158
90.92,3.282,0.453,2.158
91.43,3.14,0.453,2.154
91.93,3.197,0.462,2.158
92.46,3.203,0.467,2.158
92.97,3.108,0.453,2.158
93.48,3.244,0.453,2.158
93.99,3.133,0.453,2.154
94.5,3.191,0.557,2.16
95.01,3.117,0.453,0.503
95.52,3.121,0.453,2.158
96.03,3.108,0.453,0.503
96.54,3.121,0.453,2.154
97.05,3.191,0.453,2.158
97.55,3.192,0.467,2.158
98.06,3.107,0.453,2.16
98.57,3.246,0.453,2.158
99.08,3.142,0.453,2.154
99.59,3.112,0.564,1.158
100.11,3.205,0.467,2.158
100.62,3.109,0.453,2.158
101.13,3.282,0.537,2.158
101.65,3.192,0.467,2.158
102.16,3.191,0.453,2.158
102.67,3.2,0.467,2.158
103.17,3.191,0.469,2.158
103.72,3.129,0.453,2.154
104.22,3.1,0.453,0.503
104.74,3.267,0.453,2.158
105.25,3.129,0.453,2.158
105.75,3.22,0.453,2.158
106.27,3.121,0.453,2.154
106.78,3.203,0.453,2.158
107.3,3.124,0.529,0.554
107.81,3.192,0.467,2.158
108.32,3.191,0.453,2.158
108.84,3.226,0.467,2.158
109.35,3.121,0.453,2.154
109.86,3.11,0.557,1.158
110.38,3.2,0.467,2.158
110.89,3.204,0.572,2.158
111.41,3.14,0.453,2.154
111.92,3.197,0.467,2.158
112.43,3.109,0.453,2.158
112.94,3.191,0.561,2.158
113.45,3.154,0.453,2.154
113.96,3.199,0.453,2.158
114.48,3.107,0.453,2.158
115.0,3.142,0.453,2.154
115.51,3.204,0.498,2.158
116.02,3.27,0.453,2.158
116.54,3.257,0.453,2.158
117.04,3.217,0.467,2.158
117.56,3.132,0.453,2.154
118.07,3.115,0.634,1.158
118.57,3.179,0.467,2.158
119.08,3.099,0.735,1.158
119.6,3.2,0.467,2.158
120.11,3.199,0.58,2.158
120.65,3.146,0.453,2.154
121.17,3.204,0.453,2.16
121.68,3.203,0.467,2.158
122.19,3.119,0.453,0.503
122.7,3.095,0.453,2.158
123.21,3.259,0.468,2.158
123.74,3.142,0.453,2.154
124.25,3.267,0.453,2.158
124.76,3.107,0.453,2.158
125.27,3.226,0.453,2.158
125.8,3.112,0.453,0.503
126.32,3.205,0.467,2.158
126.82,3.121,0.453,2.154
127.33,3.104,0.482,2.154
127.85,3.191,0.53,2.16
128.37,3.2,0.467,2.158
128.88,3.179,0.467,2.158
129.39,3.083,0.592,0.705
129.93,3.178,0.453,2.158
130.44,3.108,0.453,2.154
130.95,3.265,0.453,0.503
131.45,3.451,0.453,0.503
131.96,3.645,0.453,0.503
132.46,3.81,0.453,0.503
132.97,3.977,0.453,0.503
133.47,4.103,0.453,0.503
133.99,4.242,0.453,0.503
134.49,4.371,0.453,0.503
